Domain,Count
google.com,31
gstatic.com,31
doubleclick.net,30
google.de,30
fonts.googleapis.com,29
youtube.com,29
googlesyndication.com,28
googletagmanager.com,28
facebook.com,27
facebook.net,27
jsdelivr.net,27
cloudflare.com,26
cookielaw.org,26
onetrust.com,25
googleusercontent.com,24
ajax.googleapis.com,23
google-analytics.com,23
jquery.com,23
paypal.com,23
ytimg.com,23
adtrafficquality.google,22
ggpht.com,22
gravatar.com,22
adnxs.com,21
adobedtm.com,21
googleadservices.com,21
jnn-pa.googleapis.com,21
paypalobjects.com,21
amazon-adsystem.com,20
maps.googleapis.com,20
twitter.com,20
bing.com,19
cdn-apple.com,19
criteo.com,19
fontawesome.com,19
licdn.com,19
pubmatic.com,19
rubiconproject.com,19
sentry.io,19
typekit.net,19
adsrvr.org,18
bootstrapcdn.com,18
reddit.com,18
smartadserver.com,18
storage.googleapis.com,18
stripe.com,18
stripe.network,18
unpkg.com,18
usercentrics.eu,18
wp.com,18